{"Fid":"cfprSEZKSxyGnq-WuRSwzg","Status":3,"AuthToken":"eyJhbGciOiJFUzI1NiIsInR5cCI6IkpXVCJ9.eyJhcHBJZCI6IjE6MzU0ODAwNjQ1MzI5OmFuZHJvaWQ6NGM2NjY0NGY4NDc1MTUwYiIsImV4cCI6MTc1ODUzODU1MCwiZmlkIjoiY2ZwclNFWktTeHlHbnEtV3VSU3d6ZyIsInByb2plY3ROdW1iZXIiOjM1NDgwMDY0NTMyOX0.AB2LPV8wRgIhAIYa6ihVyURMwLBrGv1sDe7kzT2hbAQbvoiBlmm8HGbRAiEA78L6jniS67jHkECXr3QomX6r-MAhk9TkWJvdoey3zcg","RefreshToken":"3_AS3qfwJfqCG3_c9UQ_5Px7vq7L4QxRJLaZgRK1HLoyZ5FkLf5JahG9aIgICs2Ex08-CY4JOdf2q7DDbzK43qsyf6BtCN3fxYa6evah7iiYZ3MAY","TokenCreationEpochInSecs":1757933748,"ExpiresInSecs":604800}