{"Fid":"eMhmFD9SQYirt8fMTFT184","Status":3,"AuthToken":"eyJhbGciOiJFUzI1NiIsInR5cCI6IkpXVCJ9.eyJhcHBJZCI6IjE6NzMyNTY1OTIwMjU5OmFuZHJvaWQ6ZjZlNThhYjBlZDIwYzNjZCIsImV4cCI6MTc1ODUzNDkwMCwiZmlkIjoiZU1obUZEOVNRWWlydDhmTVRGVDE4NCIsInByb2plY3ROdW1iZXIiOjczMjU2NTkyMDI1OX0.AB2LPV8wRgIhALRU5ELXITG5nG42f278WoYOXOoz88H2JMy0z9ylNaIDAiEAvWfxpbrvZbM6hsO8NhemifUDbpBQCs4Ps2DrjdZTKpE","RefreshToken":"3_AS3qfwIg4R4VP6fufacWmKTP2ih453nPewZWvEHBwMbW22ARLCedFnS63UjYPPVOWme_U_pPWM9f-8e4fuSyvPe8NTgi8e65KN7FNbfn6Y7yZ9E","TokenCreationEpochInSecs":1757930099,"ExpiresInSecs":604800}