{"Fid":"fGJNHgJpQSCu-JkItwF7qd","Status":3,"AuthToken":"eyJhbGciOiJFUzI1NiIsInR5cCI6IkpXVCJ9.eyJhcHBJZCI6IjE6NDEyODI2MTM4NzM1OmFuZHJvaWQ6OGEzMmY3OTFlNDE1NjM0ZjJmZjU5YSIsImV4cCI6MTc1ODQ3OTA1NCwiZmlkIjoiZkdKTkhnSnBRU0N1LUprSXR3RjdxZCIsInByb2plY3ROdW1iZXIiOjQxMjgyNjEzODczNX0.AB2LPV8wRQIgbgR3M4zUMeJ2yqvzKxakuYrDqz-mpKH8UVAEFyTxZVgCIQC_WFLuB5DQ5BEr5nAw-bYD56dwZpmIHxRpn4llCZBGmg","RefreshToken":"3_AS3qfwKf0MNqxqJKgXvijsk2avxXwZORBqxkJv3MR5pxKXLfzHAq8NwAXQ3RWd5BnUogg5O1UJF4Q2S0QlTJ4ZyxX_vUiLScmA7nYGUlBlUHmrQ","TokenCreationEpochInSecs":1757874253,"ExpiresInSecs":604800}