<?xml version='1.0' encoding='utf-8' standalone='yes' ?>
<map>
    <string name="prev_event_name">number_verified</string>
    <long name="prev_event_timestamp" value="1757874289159" />
    <int name="appsFlyerInAppEventCount" value="2" />
    <long name="prev_session_dur" value="5" />
    <string name="afUninstallToken">fGJNHgJpQSCu-JkItwF7qd:APA91bFMbNLhlvWGyxQasCwzXRhCNKvrs8ISQRwABMEb_Oa5QAaAyu2oFUaNpIBu9999OA68wC7mnVyZoDDMG4Y9-oQ4YaX99CGfoqw5_rgfuSAhxWPKJH4</string>
    <boolean name="ddl_sent" value="true" />
    <long name="af_rc_max_age" value="86400" />
    <string name="sentSuccessfully">true</string>
    <int name="versionCode" value="20252101" />
    <string name="af_remote_config">eyJmZWF0dXJlcyI6e30sInZlciI6ImRlZmF1bHQudjEuMTYzNzE0OTUyOSJ9</string>
    <boolean name="sentRegisterRequestToAF" value="true" />
    <string name="savedProperties">{&quot;uid&quot;:&quot;1757874253885-4909615325211839724&quot;,&quot;waitForCustomerId&quot;:&quot;false&quot;,&quot;logLevel&quot;:&quot;0&quot;,&quot;AppUserId&quot;:&quot;9aa1518f4990f990&quot;}</string>
    <string name="AF_INSTALLATION">1757874253885-4909615325211839724</string>
    <boolean name="afUninstallToken_queued" value="false" />
    <int name="appsFlyerCount" value="6" />
    <long name="af_rc_timestamp" value="1757874254475" />
    <long name="AppsFlyerTimePassedSincePrevLaunch" value="1757874453725" />
    <boolean name="newGPReferrerSent" value="true" />
    <string name="appsFlyerFirstInstall">2025-09-14_235414+0530</string>
    <long name="afUninstallToken_received_time" value="1757874256781" />
    <string name="attributionId">{&quot;install_time&quot;:&quot;2025-09-14 18:24:17.812&quot;,&quot;af_message&quot;:&quot;organic install&quot;,&quot;af_status&quot;:&quot;Organic&quot;,&quot;is_first_launch&quot;:false}</string>
</map>
