<?xml version='1.0' encoding='utf-8' standalone='yes' ?>
<map>
    <long name="time_active" value="13590" />
    <long name="last_upload" value="1757954630542" />
    <long name="first_open_time" value="1757954630333" />
    <string name="gmp_app_id">1:210416030535:android:f8fd6d3246fed0e3</string>
    <string name="previous_os_version">14</string>
    <string name="app_instance_id">fdecbba1ce6619cac95e7dac487f72a7</string>
    <boolean name="has_been_opened" value="true" />
    <long name="health_monitor:start" value="1757954630654" />
    <boolean name="use_service" value="true" />
    <long name="last_pause_time" value="1757954836396" />
    <boolean name="start_new_session" value="false" />
</map>
