<?xml version='1.0' encoding='utf-8' standalone='yes' ?>
<map>
    <string name="deviceId:48K-8WW-754Z">__7ba209cc237a49ccb90f82b56c6c6d29</string>
    <int name="lastSessionId:48K-8WW-754Z" value="1757930145" />
    <string name="fcm_token:48K-8WW-754Z">eMhmFD9SQYirt8fMTFT184:APA91bFGvno15Uuo5NP02VHZWhyxJaROMYsGD5a4pMO7bgjVULLOerMAURnFgMXrqFWyk9x4a8ecc68E6rVgoUCc7hMiiz6iT2S-D-w3-Toq8mrW3EPKQYQ</string>
    <boolean name="NetworkInfo:48K-8WW-754Z" value="true" />
    <string name="comms_dmn:48K-8WW-754Z">eu1.clevertap-prod.com</string>
    <int name="comms_last_ts:48K-8WW-754Z" value="1757930149" />
    <int name="comms_first_ts:48K-8WW-754Z" value="1757930102" />
    <int name="sexe:48K-8WW-754Z" value="1757930164" />
    <int name="istc_inapp:__7ba209cc237a49ccb90f82b56c6c6d29:48K-8WW-754Z" value="0" />
    <int name="comms_mtd:48K-8WW-754Z" value="0" />
    <string name="ict_date:__7ba209cc237a49ccb90f82b56c6c6d29:48K-8WW-754Z">15092025</string>
    <int name="pfjobid" value="238148191" />
    <string name="instance:48K-8WW-754Z">{&quot;accountId&quot;:&quot;48K-8WW-754Z&quot;,&quot;accountToken&quot;:&quot;00b-3b4&quot;,&quot;fcmSenderId&quot;:&quot;732565920259&quot;,&quot;analyticsOnly&quot;:false,&quot;isDefaultInstance&quot;:true,&quot;useGoogleAdId&quot;:false,&quot;disableAppLaunchedEvent&quot;:false,&quot;personalization&quot;:true,&quot;debugLevel&quot;:0,&quot;createdPostAppLaunch&quot;:false,&quot;sslPinning&quot;:false,&quot;backgroundSync&quot;:true,&quot;getEnableCustomCleverTapId&quot;:false,&quot;beta&quot;:false,&quot;allowedPushTypes&quot;:[&quot;FCM&quot;,&quot;XPS&quot;,&quot;HPS&quot;,&quot;BPS&quot;,&quot;ADM&quot;]}</string>
    <string name="comms_dmn_spiky:48K-8WW-754Z">eu1-spiky.clevertap-prod.com</string>
    <boolean name="OptOut:__7ba209cc237a49ccb90f82b56c6c6d29:48K-8WW-754Z" value="false" />
    <string name="SP_KEY_PROFILE_IDENTITIES:48K-8WW-754Z">Email,Identity</string>
    <string name="cachedGUIDsKey:48K-8WW-754Z">{&quot;Email_&quot;:&quot;__7ba209cc237a49ccb90f82b56c6c6d29&quot;,&quot;Identity_01993e1bf5cb7e96be70fbfce167f60b&quot;:&quot;__7ba209cc237a49ccb90f82b56c6c6d29&quot;}</string>
</map>
